{
  "name": "s3",
  "timestamp": 1762480079263,
  "startPose": {
    "x": -0.2513691824062825,
    "y": 0.04664875671508639,
    "yaw": -0.028599350099690116
  },
  "goalPose": {
    "x": 37.39107864035626,
    "y": -0.26497699034432065,
    "yaw": -0.27660316795513956,
    "tol": {
      "pos": 0.2,
      "yaw": 0.1
    }
  },
  "obstacles": {
    "circles": [],
    "polygons": [],
    "dynamic": [
      {
        "kind": "rect",
        "data": {
          "type": "rect",
          "w": 1.297333309795307,
          "h": 0.6486666548976535,
          "yaw": -3.1267398077975743
        },
        "state": {
          "x": 17.218238433510717,
          "y": -0.01602681713785392,
          "vx": -0.4999448492568661,
          "vy": -0.007426149845607197,
          "yaw": -3.1267398077975743
        }
      },
      {
        "kind": "rect",
        "data": {
          "type": "rect",
          "w": 0.9038161330486095,
          "h": 0.45190806652430476,
          "yaw": 3.10886310809652
        },
        "state": {
          "x": 17.820919331404145,
          "y": 1.92636062062321,
          "vx": -0.49973221811874385,
          "vy": 0.01636185118255978,
          "yaw": 3.10886310809652
        }
      },
      {
        "kind": "rect",
        "data": {
          "type": "rect",
          "w": 1.5052677836976476,
          "h": 0.7526338918488238,
          "yaw": 3.1278809423335696
        },
        "state": {
          "x": 21.80612050705198,
          "y": -1.51852829693846,
          "vx": -0.4999529979800216,
          "vy": 0.006855640800723347,
          "yaw": 3.1278809423335696
        }
      }
    ]
  },
  "chassisType": "differential",
  "chassisConfig": {
    "model": "differential",
    "wheelbase": 0,
    "track_width": 0.4,
    "limits": {
      "v_max": 2,
      "a_max": 2,
      "omega_max": 2,
      "steer_max": 0
    },
    "geometry": {
      "body_length": 0.5,
      "body_width": 0.5,
      "body_height": 0.3,
      "wheel_radius": 0.08,
      "wheel_width": 0.05,
      "front_overhang": 0.3,
      "rear_overhang": 0.2,
      "caster_count": 2,
      "track_width_ratio": 0
    }
  }
}